Name,Surname,Phone,Mobile,E-mail,Street,Number,Town,Zip
Pete,Prattis,210123456,123456,pete@mail.com,Newstrt,1,Athens,1234
Adam,Adams,210234567,123987,adam@mail.com,Oldstrt,21,London,5553
Mary,Smith,21099999,999999,mary@mail.com,Thisstrt,9,Boston,5432
Prashant Barge ,Barge,908767,987678,poijadn@google.com,koli nagar,89,polish,789
Gian,Patil,1000,1001,gian@gmail.com,Kalewadi,12,Pune,411002
Vijay,Jha,270207,2002,jvd@gmail.com,Market Yard,12,Pune,411002
